{
  "cal_points": [
    [
      10.67587099010532,
      0.0
    ],
    [
      44.14746135191715,
      0.125
    ],
    [
      38.821530664016244,
      0.25
    ],
    [
      64.65560741673579,
      0.5
    ],
    [
      97.56949402176875,
      1
    ],
    [
      247.60111573503798,
      2
    ],
    [
      444.87561892438106,
      3
    ],
    [
      529.9641111931368,
      4
    ],
    [
      967.408268534634,
      5
    ],
    [
      1292.2559454156856,
      6.0
    ],
    [
      1619.4073699864248,
      7
    ],
    [
      2150.6617153608445,
      8
    ],
    [
      4043.2296548429013,
      9
    ],
    [
      5239.083718201286,
      10
    ],
    [
      10907.74498886105,
      13.0
    ],
    [
      16866.85385502625,
      17.0
    ],
    [
      55675.16596218324,
      23.0
    ],
    [
      138558.44979710842,
      30.0
    ]
  ],
  "config": {
    "ai": "heuristic",
    "seed_base": 1000,
    "seeds": 5,
    "ladder": [
      0.5,
      0.75,
      1.0,
      1.5,
      2.0,
      3.0
    ],
    "compositions": [
      1,
      3,
      6
    ],
    "max_squad": 10,
    "roll_hp": true,
    "environments": [
      null
    ]
  },
  "bench": [
    "Commoner",
    "Giant Rat",
    "Guard",
    "Skeleton",
    "Acolyte",
    "Orc",
    "Thug",
    "Bugbear",
    "Ogre",
    "Priest",
    "Owlbear",
    "Ettin",
    "Hill Giant",
    "Cyclops",
    "Mage",
    "Stone Giant",
    "Frost Giant",
    "Fire Giant",
    "Stone Golem",
    "Storm Giant",
    "Ice Devil",
    "Iron Golem",
    "Goristro",
    "Balor",
    "Pit Fiend",
    "Kraken",
    "Ancient Red Dragon",
    "Tarrasque"
  ]
}
